{
    "config": {
        "datasets": "IMDBMulti",
        "gpu": 5,
        "lr": 0.001,
        "epochs": 200,
        "batch_size": 2000,
        "hidden_size": 64,
        "gnn_type": "gin",
        "num_gnn": 3,
        "verbose": false,
        "model": "N2Gim",
        "k_cross": 1,
        "vaild_epoch": 150,
        "seed": 2,
        "doc": null,
        "pGin": false,
        "drop_nb_att": false,
        "drop_gb_att": false,
        "graph_level_pooling": "sum",
        "node_level_pooling": "none"
    },
    "0": {
        "training mse": 0.00039696827298030257
    },
    "1": {
        "training mse": 0.0003097736625932157
    },
    "2": {
        "training mse": 0.00024103654141072184
    },
    "3": {
        "training mse": 0.00021219151676632464
    },
    "4": {
        "training mse": 0.00021395117801148444
    },
    "5": {
        "training mse": 0.00020988717733416706
    },
    "6": {
        "training mse": 0.0001981740933842957
    },
    "7": {
        "training mse": 0.00021809525787830353
    },
    "8": {
        "training mse": 0.0001761673775035888
    },
    "9": {
        "training mse": 0.0001791716058505699
    },
    "10": {
        "training mse": 0.00017108982137870044
    },
    "11": {
        "training mse": 0.00016798984142951667
    },
    "12": {
        "training mse": 0.00023447848798241466
    },
    "13": {
        "training mse": 0.00016648141900077462
    },
    "14": {
        "training mse": 0.0001470095303375274
    },
    "15": {
        "training mse": 0.00017193467647302896
    },
    "16": {
        "training mse": 0.00015406790771521628
    },
    "17": {
        "training mse": 0.0001347552752122283
    },
    "18": {
        "training mse": 0.0001320573064731434
    },
    "19": {
        "training mse": 0.0001351457176497206
    },
    "20": {
        "training mse": 0.00013872113777324557
    },
    "21": {
        "training mse": 0.00011220318265259266
    },
    "22": {
        "training mse": 0.00013632490299642086
    },
    "23": {
        "training mse": 0.00010736891999840736
    },
    "24": {
        "training mse": 0.00013035103620495647
    },
    "25": {
        "training mse": 0.00011716088192770258
    },
    "26": {
        "training mse": 0.00014046402066014707
    },
    "27": {
        "training mse": 0.00011963852739427239
    },
    "28": {
        "training mse": 0.00011543214350240305
    },
    "29": {
        "training mse": 0.00011484209244372323
    },
    "30": {
        "training mse": 0.00011871829337906092
    },
    "31": {
        "training mse": 0.0001298873539781198
    },
    "32": {
        "training mse": 0.0001108214128180407
    },
    "33": {
        "training mse": 0.00010122052481165156
    },
    "34": {
        "training mse": 9.580298501532525e-05
    },
    "35": {
        "training mse": 0.00010460676276125014
    },
    "36": {
        "training mse": 0.00012325914576649666
    },
    "37": {
        "training mse": 0.00011945777805522084
    },
    "38": {
        "training mse": 0.00011502399866003543
    },
    "39": {
        "training mse": 8.93770920811221e-05
    },
    "40": {
        "training mse": 0.00010185238352278247
    },
    "41": {
        "training mse": 8.540158160030842e-05
    },
    "42": {
        "training mse": 0.00010924665548373014
    },
    "43": {
        "training mse": 0.00010246730380458757
    },
    "44": {
        "training mse": 0.0001043328084051609
    },
    "45": {
        "training mse": 0.00010020930494647473
    },
    "46": {
        "training mse": 9.34629060793668e-05
    },
    "47": {
        "training mse": 8.891439210856333e-05
    },
    "48": {
        "training mse": 9.781569679034874e-05
    },
    "49": {
        "training mse": 9.519997547613457e-05
    },
    "50": {
        "training mse": 0.00010870097321458161
    },
    "51": {
        "training mse": 0.0001008737162919715
    },
    "52": {
        "training mse": 8.912003977457061e-05
    },
    "53": {
        "training mse": 8.248483209172264e-05
    },
    "54": {
        "training mse": 9.985861834138632e-05
    },
    "55": {
        "training mse": 8.566920587327331e-05
    },
    "56": {
        "training mse": 8.486805018037558e-05
    },
    "57": {
        "training mse": 0.00010140446102013811
    },
    "58": {
        "training mse": 9.154947474598885e-05
    },
    "59": {
        "training mse": 8.834423351800069e-05
    },
    "60": {
        "training mse": 9.543009218759835e-05
    },
    "61": {
        "training mse": 9.535036952001974e-05
    },
    "62": {
        "training mse": 0.00010450793342897668
    },
    "63": {
        "training mse": 9.871444490272552e-05
    },
    "64": {
        "training mse": 9.38850935199298e-05
    },
    "65": {
        "training mse": 0.00010129337169928476
    },
    "66": {
        "training mse": 9.887343185255304e-05
    },
    "67": {
        "training mse": 8.446235005976632e-05
    },
    "68": {
        "training mse": 8.353560406249017e-05
    },
    "69": {
        "training mse": 0.00011047491716453806
    },
    "70": {
        "training mse": 7.433025166392326e-05
    },
    "71": {
        "training mse": 8.971348870545626e-05
    },
    "72": {
        "training mse": 0.00010711184586398304
    },
    "73": {
        "training mse": 0.00010036532330559567
    },
    "74": {
        "training mse": 7.240132981678471e-05
    },
    "75": {
        "training mse": 7.752177771180868e-05
    },
    "76": {
        "training mse": 8.877691288944334e-05
    },
    "77": {
        "training mse": 7.9336590715684e-05
    },
    "78": {
        "training mse": 8.113560761557892e-05
    },
    "79": {
        "training mse": 7.534492033300921e-05
    },
    "80": {
        "training mse": 9.284066618420184e-05
    },
    "81": {
        "training mse": 7.481459033442661e-05
    },
    "82": {
        "training mse": 8.086654997896403e-05
    },
    "83": {
        "training mse": 9.854947711573914e-05
    },
    "84": {
        "training mse": 8.229943341575563e-05
    },
    "85": {
        "training mse": 9.521069296170026e-05
    },
    "86": {
        "training mse": 6.784543802496046e-05
    },
    "87": {
        "training mse": 8.14383674878627e-05
    },
    "88": {
        "training mse": 7.022380304988474e-05
    },
    "89": {
        "training mse": 8.854623592924327e-05
    },
    "90": {
        "training mse": 9.502073226030916e-05
    },
    "91": {
        "training mse": 9.360179683426395e-05
    },
    "92": {
        "training mse": 9.080106246983632e-05
    },
    "93": {
        "training mse": 7.507017289754003e-05
    },
    "94": {
        "training mse": 7.83440045779571e-05
    },
    "95": {
        "training mse": 9.311008761869743e-05
    },
    "96": {
        "training mse": 8.280934707727283e-05
    },
    "97": {
        "training mse": 8.340149361174554e-05
    },
    "98": {
        "training mse": 7.768555224174634e-05
    },
    "99": {
        "training mse": 7.613781781401485e-05
    },
    "100": {
        "training mse": 9.045594197232276e-05
    },
    "101": {
        "training mse": 7.52085616113618e-05
    },
    "102": {
        "training mse": 7.406192162306979e-05
    },
    "103": {
        "training mse": 8.484375575790182e-05
    },
    "104": {
        "training mse": 7.235504745040089e-05
    },
    "105": {
        "training mse": 7.753563113510609e-05
    },
    "106": {
        "training mse": 6.431612564483657e-05
    },
    "107": {
        "training mse": 0.00010373726399848238
    },
    "108": {
        "training mse": 9.567094093654305e-05
    },
    "109": {
        "training mse": 7.213394565042108e-05
    },
    "110": {
        "training mse": 7.447196549037471e-05
    },
    "111": {
        "training mse": 7.930900756036863e-05
    },
    "112": {
        "training mse": 7.072201697155833e-05
    },
    "113": {
        "training mse": 6.793204374844208e-05
    },