{
    "config": {
        "datasets": "LINUX",
        "gpu": 6,
        "lr": 0.001,
        "epochs": 200,
        "batch_size": 2000,
        "hidden_size": 64,
        "gnn_type": "gin",
        "num_gnn": 3,
        "verbose": false,
        "model": "N2Gim",
        "k_cross": 1,
        "vaild_epoch": 150,
        "seed": 2,
        "doc": null,
        "pGin": false,
        "drop_nb_att": false,
        "drop_gb_att": false,
        "graph_level_pooling": "sum",
        "node_level_pooling": "none"
    },
    "0": {
        "training mse": 0.0014072972116991878
    },
    "1": {
        "training mse": 0.0007573094917461276
    },
    "2": {
        "training mse": 0.0005472965422086418
    },
    "3": {
        "training mse": 0.00041863563819788396
    },
    "4": {
        "training mse": 0.0003720739623531699
    },
    "5": {
        "training mse": 0.0002820036606863141
    },
    "6": {
        "training mse": 0.00024925291654653847
    },
    "7": {
        "training mse": 0.00023190552019514143
    },
    "8": {
        "training mse": 0.00020131720521021634
    },
    "9": {
        "training mse": 0.0003120704204775393
    },
    "10": {
        "training mse": 0.00017139587725978345
    },
    "11": {
        "training mse": 0.00019263853027950972
    },
    "12": {
        "training mse": 0.0002930010959971696
    },
    "13": {
        "training mse": 0.00016800382582005113
    },
    "14": {
        "training mse": 0.0002954787923954427
    },
    "15": {
        "training mse": 0.00012945730122737586
    },
    "16": {
        "training mse": 0.00015648982662241906
    },
    "17": {
        "training mse": 0.00013873180432710797
    },
    "18": {
        "training mse": 0.00011209917283849791
    },
    "19": {
        "training mse": 0.00015146956138778478
    },
    "20": {
        "training mse": 0.00012382252316456288
    },
    "21": {
        "training mse": 9.703274554340169e-05
    },
    "22": {
        "training mse": 0.000269652548013255
    },
    "23": {
        "training mse": 0.00017492054030299187
    },
    "24": {
        "training mse": 0.00019595098274294287
    },
    "25": {
        "training mse": 8.856329077389091e-05
    },
    "26": {
        "training mse": 9.147389937425032e-05
    },
    "27": {
        "training mse": 7.464282680302858e-05
    },
    "28": {
        "training mse": 7.332505629165098e-05
    },
    "29": {
        "training mse": 0.00010246322199236602
    },
    "30": {
        "training mse": 7.860515324864537e-05
    },
    "31": {
        "training mse": 6.046282942406833e-05
    },
    "32": {
        "training mse": 5.381541996030137e-05
    },
    "33": {
        "training mse": 8.890774915926158e-05
    },
    "34": {
        "training mse": 9.833888179855421e-05
    },
    "35": {
        "training mse": 4.5555512770079076e-05
    },
    "36": {
        "training mse": 5.2036921260878444e-05
    },
    "37": {
        "training mse": 0.0004858572210650891
    },
    "38": {
        "training mse": 6.255176413105801e-05
    },
    "39": {
        "training mse": 4.1776704165386036e-05
    },
    "40": {
        "training mse": 4.455442831385881e-05
    },
    "41": {
        "training mse": 9.621660137781873e-05
    },
    "42": {
        "training mse": 4.7299057769123465e-05
    },
    "43": {
        "training mse": 0.0001306016492890194
    },
    "44": {
        "training mse": 4.7197947424137965e-05
    },
    "45": {
        "training mse": 3.102746632066555e-05
    },
    "46": {
        "training mse": 6.913331162650138e-05
    },
    "47": {
        "training mse": 4.583214831654914e-05
    },
    "48": {
        "training mse": 2.681324986042455e-05
    },
    "49": {
        "training mse": 3.75933523173444e-05
    },
    "50": {
        "training mse": 2.5747634936124086e-05
    },
    "51": {
        "training mse": 5.6347500503761694e-05
    },
    "52": {
        "training mse": 3.35090298904106e-05
    },
    "53": {
        "training mse": 2.7017900720238686e-05
    },
    "54": {
        "training mse": 2.3276441424968652e-05
    },
    "55": {
        "training mse": 2.0992678400943987e-05
    },
    "56": {
        "training mse": 2.980894350912422e-05
    },
    "57": {
        "training mse": 1.667147625994403e-05
    },
    "58": {
        "training mse": 1.9421187971602194e-05
    },
    "59": {
        "training mse": 0.00023449372383765876
    },
    "60": {
        "training mse": 0.00011237034777877852
    },
    "61": {
        "training mse": 9.110767132369801e-05
    },
    "62": {
        "training mse": 7.416625885525718e-05
    },
    "63": {
        "training mse": 7.174615893745795e-05
    },
    "64": {
        "training mse": 4.93887418997474e-05
    },
    "65": {
        "training mse": 7.846284279366955e-05
    },
    "66": {
        "training mse": 4.13185334764421e-05
    },
    "67": {
        "training mse": 2.8010837922920473e-05
    },
    "68": {
        "training mse": 6.0529611801030114e-05
    },
    "69": {
        "training mse": 2.4884937374736182e-05
    },
    "70": {
        "training mse": 4.620955223799683e-05
    },
    "71": {
        "training mse": 7.242576975841075e-05
    },
    "72": {
        "training mse": 4.673659714171663e-05
    },
    "73": {
        "training mse": 5.84088011237327e-05
    },
    "74": {
        "training mse": 3.6223056667950004e-05
    },
    "75": {
        "training mse": 2.82402615994215e-05
    },
    "76": {
        "training mse": 2.5103097868850455e-05
    },
    "77": {
        "training mse": 9.44420462474227e-05
    },
    "78": {
        "training mse": 4.451832501217723e-05
    },
    "79": {
        "training mse": 4.8751728172646835e-05
    },
    "80": {
        "training mse": 1.9025386791327037e-05
    },
    "81": {
        "training mse": 3.3260585041716695e-05
    },
    "82": {
        "training mse": 2.5312059733550996e-05
    },
    "83": {
        "training mse": 5.9541547670960426e-05
    },
    "84": {
        "training mse": 1.948659155459609e-05
    },
    "85": {
        "training mse": 2.693090027605649e-05
    },
    "86": {
        "training mse": 2.175190456910059e-05
    },
    "87": {
        "training mse": 5.359523856895976e-05
    },
    "88": {
        "training mse": 2.1177191229071468e-05
    },
    "89": {
        "training mse": 2.2595053451368585e-05
    },
    "90": {
        "training mse": 4.1193972720066085e-05
    },
    "91": {
        "training mse": 3.670641308417544e-05
    },
    "92": {
        "training mse": 2.6029814762296155e-05
    },
    "93": {
        "training mse": 1.2821043128496967e-05
    },
    "94": {
        "training mse": 3.270123488618992e-05
    },
    "95": {
        "training mse": 1.7227028365596198e-05
    },
    "96": {
        "training mse": 1.5128002814890351e-05
    },
    "97": {
        "training mse": 2.0169829440419562e-05
    },
    "98": {
        "training mse": 2.1957954231766053e-05
    },
    "99": {
        "training mse": 1.0558117537584621e-05
    },
    "100": {
        "training mse": 1.0843719792319462e-05
    },
    "101": {
        "training mse": 1.4051677680981811e-05
    },
    "102": {
        "training mse": 1.8796110452967696e-05
    },
    "103": {
        "training mse": 3.02536955132382e-05
    },
    "104": {
        "training mse": 2.9830236599082127e-05
    },
    "105": {
        "training mse": 7.491816177207511e-06
    },
    "106": {
        "training mse": 3.6064866435481235e-05
    },
    "107": {
        "training mse": 1.0796597962325905e-05
    },
    "108": {
        "training mse": 1.242265625478467e-05
    },
    "109": {
        "training mse": 5.601396878773812e-06
    },
    "110": {
        "training mse": 7.5633565757016186e-06
    },
    "111": {
        "training mse": 1.3585131455329247e-05
    },
    "112": {
        "training mse": 7.852670023567043e-06
    },
    "113": {
        "training mse": 8.143028935592156e-06
    },