{
    "config": {
        "datasets": "AIDS700nef",
        "gpu": 7,
        "lr": 0.001,
        "epochs": 200,
        "batch_size": 2000,
        "hidden_size": 64,
        "gnn_type": "gin",
        "num_gnn": 3,
        "verbose": false,
        "model": "N2Gim",
        "k_cross": 1,
        "vaild_epoch": 150,
        "seed": 2,
        "doc": null,
        "pGin": false,
        "drop_nb_att": false,
        "drop_gb_att": false,
        "graph_level_pooling": "sum",
        "node_level_pooling": "none"
    },
    "0": {
        "training mse": 0.0021895011886954308
    },
    "1": {
        "training mse": 0.0014108584728091955
    },
    "2": {
        "training mse": 0.001348642399534583
    },
    "3": {
        "training mse": 0.0013278203550726175
    },
    "4": {
        "training mse": 0.001046102144755423
    },
    "5": {
        "training mse": 0.0010675416560843587
    },
    "6": {
        "training mse": 0.001172054442577064
    },
    "7": {
        "training mse": 0.0009857314871624112
    },
    "8": {
        "training mse": 0.0009712888277135789
    },
    "9": {
        "training mse": 0.001173260505311191
    },
    "10": {
        "training mse": 0.0009527952643111348
    },
    "11": {
        "training mse": 0.0009031143854372203
    },
    "12": {
        "training mse": 0.0009830612689256668
    },
    "13": {
        "training mse": 0.000821184366941452
    },
    "14": {
        "training mse": 0.0008176297415047884
    },
    "15": {
        "training mse": 0.0010323425522074103
    },
    "16": {
        "training mse": 0.0008112753857858479
    },
    "17": {
        "training mse": 0.0008090478950180113
    },
    "18": {
        "training mse": 0.0008736323215998709
    },
    "19": {
        "training mse": 0.0008171756635420024
    },
    "20": {
        "training mse": 0.0007143269176594913
    },
    "21": {
        "training mse": 0.0007341953460127115
    },
    "22": {
        "training mse": 0.0008284259238280356
    },
    "23": {
        "training mse": 0.0008049772004596889
    },
    "24": {
        "training mse": 0.0008624279871582985
    },
    "25": {
        "training mse": 0.0007416299777105451
    },
    "26": {
        "training mse": 0.0008489434258081019
    },
    "27": {
        "training mse": 0.0008434621850028634
    },
    "28": {
        "training mse": 0.0007321796147152781
    },
    "29": {
        "training mse": 0.0006928154616616666
    },
    "30": {
        "training mse": 0.0006895604310557246
    },
    "31": {
        "training mse": 0.0006712117465212941
    },
    "32": {
        "training mse": 0.0006323282141238451
    },
    "33": {
        "training mse": 0.0006731399917043746
    },
    "34": {
        "training mse": 0.0007292876834981143
    },
    "35": {
        "training mse": 0.0007802043110132217
    },
    "36": {
        "training mse": 0.0007243572035804391
    },
    "37": {
        "training mse": 0.0007685989257879555
    },
    "38": {
        "training mse": 0.0007187292794696987
    },
    "39": {
        "training mse": 0.0006687131244689226
    },
    "40": {
        "training mse": 0.0007242712308652699
    },
    "41": {
        "training mse": 0.0006515839486382902
    },
    "42": {
        "training mse": 0.0006914247642271221
    },
    "43": {
        "training mse": 0.0006859891000203788
    },
    "44": {
        "training mse": 0.0007178544765338302
    },
    "45": {
        "training mse": 0.0007676608511246741
    },
    "46": {
        "training mse": 0.0006659865030087531
    },
    "47": {
        "training mse": 0.0006554688443429768
    },
    "48": {
        "training mse": 0.0005953484796918929
    },
    "49": {
        "training mse": 0.0007170095923356712
    },
    "50": {
        "training mse": 0.0007265288149937987
    },
    "51": {
        "training mse": 0.0006452056695707142
    },
    "52": {
        "training mse": 0.000596376194152981
    },
    "53": {
        "training mse": 0.0007908478146418929
    },
    "54": {
        "training mse": 0.0005864638369530439
    },
    "55": {
        "training mse": 0.0006082213367335498
    },
    "56": {
        "training mse": 0.0005647955113090575
    },
    "57": {
        "training mse": 0.0005682400660589337
    },
    "58": {
        "training mse": 0.0006204060628078878
    },
    "59": {
        "training mse": 0.0005785952089354396
    },
    "60": {
        "training mse": 0.0005283369682729244
    },
    "61": {
        "training mse": 0.0006489091902039945
    },
    "62": {
        "training mse": 0.0005265228683128953
    },
    "63": {
        "training mse": 0.0007384427590295672
    },
    "64": {
        "training mse": 0.0005566658219322562
    },
    "65": {
        "training mse": 0.0006881696754135191
    },
    "66": {
        "training mse": 0.0005822362145408988
    },
    "67": {
        "training mse": 0.000503632181789726
    },
    "68": {
        "training mse": 0.0005838008946739137
    },
    "69": {
        "training mse": 0.0005399395595304668
    },
    "70": {
        "training mse": 0.0006017172709107399
    },
    "71": {
        "training mse": 0.0005938225658610463
    },
    "72": {
        "training mse": 0.0005656779394485056
    },
    "73": {
        "training mse": 0.00048755889292806387
    },
    "74": {
        "training mse": 0.0005266175139695406
    },
    "75": {
        "training mse": 0.0006455312250182033
    },
    "76": {
        "training mse": 0.0005273654824122787
    },
    "77": {
        "training mse": 0.0005702559719793499
    },
    "78": {
        "training mse": 0.0004396516305860132
    },
    "79": {
        "training mse": 0.0006308388547040522
    },
    "80": {
        "training mse": 0.0005333820008672774
    },
    "81": {
        "training mse": 0.0004871140990871936
    },
    "82": {
        "training mse": 0.0005301725468598306
    },
    "83": {
        "training mse": 0.0004732013330794871
    },
    "84": {
        "training mse": 0.00046590730198659003
    },
    "85": {
        "training mse": 0.0006869552889838815
    },
    "86": {
        "training mse": 0.0004710161592811346
    },
    "87": {
        "training mse": 0.0005229674279689789
    },
    "88": {
        "training mse": 0.0004715670656878501
    },
    "89": {
        "training mse": 0.0005027793231420219
    },
    "90": {
        "training mse": 0.0005282018682919443
    },
    "91": {
        "training mse": 0.0005319573683664203
    },
    "92": {
        "training mse": 0.0005116742104291916
    },
    "93": {
        "training mse": 0.000488318270072341
    },
    "94": {
        "training mse": 0.0005143405287526548
    },
    "95": {
        "training mse": 0.0005284815561026335
    },
    "96": {
        "training mse": 0.0004917409969493747
    },
    "97": {
        "training mse": 0.0005300439079292119
    },
    "98": {
        "training mse": 0.00043361305142752826
    },
    "99": {
        "training mse": 0.0005052021588198841
    },
    "100": {
        "training mse": 0.0005123039009049535
    },
    "101": {
        "training mse": 0.0004276490944903344
    },
    "102": {
        "training mse": 0.00044464514940045774
    },
    "103": {
        "training mse": 0.0006074284319765866
    },
    "104": {
        "training mse": 0.00045507587492465973
    },
    "105": {
        "training mse": 0.0004540225781966001
    },
    "106": {
        "training mse": 0.0004958739154972136
    },
    "107": {
        "training mse": 0.00048695949953980744
    },
    "108": {
        "training mse": 0.0004122599493712187
    },
    "109": {
        "training mse": 0.00045647978549823165
    },
    "110": {
        "training mse": 0.0003950374375563115
    },
    "111": {
        "training mse": 0.0004846862284466624
    },
    "112": {
        "training mse": 0.00038102621329016984
    },
    "113": {
        "training mse": 0.0004474573361221701
    },